{
  "_generated": "Generated by SweetTooth, do not edit", 
  "description": "Shows CPU temperature, disk temperature, video card temperature (NVIDIA/Catalyst/Bumblebee&NVIDIA), voltage and fan RPM (forked from xtranophilist/gnome-shell-extension-sensors)", 
  "gettext-domain": "freon", 
  "name": "Freon", 
  "settings-schema": "org.gnome.shell.extensions.freon", 
  "shell-version": [
    "3.12", 
    "3.14", 
    "3.16", 
    "3.18", 
    "3.20", 
    "3.22", 
    "3.24", 
    "3.26", 
    "3.28"
  ], 
  "url": "https://github.com/UshakovVasilii/gnome-shell-extension-freon", 
  "uuid": "freon@UshakovVasilii_Github.yahoo.com", 
  "version": 34
}