{
  "_generated": "Generated by SweetTooth, do not edit", 
  "description": "Watch your preferred video or movie while working\nOpen a window preview and pin it to the corner", 
  "extension-id": "window-corner-preview", 
  "gettext-domain": "gnome-shell-extensions", 
  "name": "Window Corner Preview", 
  "settings-schema": "org.gnome.shell.extensions.window-corner-preview", 
  "shell-version": [
    "3.10", 
    "3.12", 
    "3.14", 
    "3.16", 
    "3.18", 
    "3.20", 
    "3.22", 
    "3.24", 
    "3.26", 
    "3.28", 
    "3.30"
  ], 
  "url": "https://github.com/medenagan/window-corner-preview", 
  "uuid": "window-corner-preview@fabiomereu.it", 
  "version": 4
}