<schemalist gettext-domain="gnome-shell-extensions">
  <schema id="org.gnome.shell.extensions.twitchlive" path="/org/gnome/shell/extensions/twitchlive/">
    <key name="streamers" type="s">
      <default>''</default>
		<summary>Streamers, comma seperated</summary>
		<description>A comma seperated list of account names to follow
		</description>
    </key>
    <key name="opencmd" type="s">
      <default>'xdg-open http://twitch.tv/%streamer%'</default>
		<summary>Command to start stream</summary>
		<description>The command that is to be executed when clicking on a streamers name. Your browser or livestreamer or something else
		</description>
    </key>
    <key type="i" name="interval">
		<default>5</default>
		<summary>The interval between updates in minutes</summary>
		<description>The interval between updates in minutes</description>
    </key>
    <key type="b" name="hidestreamers">
		<default>false</default>
		<summary>Streamer count instead of names</summary>
		<description>Showing only the count of active streamers instead of cycling through names</description>
    </key>
    <key type="b" name="notifications-enabled">
		<default>false</default>
		<summary>Show streamer notifications</summary>
		<description>Show a notification when a streamer comes online</description>
    </key>
    <key type="b" name="notifications-game-change">
		<default>false</default>
		<summary>Show streamer game changes</summary>
		<description>Show a notification when a streamer changes games</description>
    </key>
    <key type="s" name="topbarmode">
		<default>'all-icons'</default>
		<summary>Indicator display setting</summary>
		<description>empty, text-only, icon-only, count-only, all-icons</description>
    </key>
    <key type="b" name="hideplaylists">
		<default>false</default>
		<summary>Hide playlist streams</summary>
		<description>Hide active streams that are playlist streams (reruns)</description>
    </key>
    <key type="b" name="hideempty">
		<default>false</default>
		<summary>Hide indicator if noone is streaming</summary>
		<description></description>
    </key>
    <key type="s" name="sortkey">
		<default>'COUNT'</default>
		<summary>Sort key for streams in menu</summary>
		<description>NAME, GAME or COUNT (default)</description>
    </key>
    <key type="b" name="hidestatus">
		<default>false</default>
		<summary>Hide status information</summary>
		<description>Hide current channel status detail</description>
    </key>
  </schema>
</schemalist>
