{
  "_generated": "Generated by SweetTooth, do not edit", 
  "description": "Change workspaces by scrolling over the top panel", 
  "name": "Top Panel Workspace Scroll", 
  "original-authors": [
    "tim@gfxmonk.net"
  ], 
  "settings-schema": "org.gnome.shell.extensions.net.gfxmonk.scroll-workspaces", 
  "shell-version": [
    "3.10", 
    "3.12", 
    "3.14", 
    "3.16", 
    "3.18", 
    "3.20", 
    "3.22", 
    "3.24"
  ], 
  "url": "https://github.com/gfxmonk/gnome-shell-scroll-workspaces", 
  "uuid": "scroll-workspaces@gfxmonk.net", 
  "version": 16
}