{
  "_generated": "Generated by SweetTooth, do not edit", 
  "description": "This extension simplifies the use of the video recording function integrated in gnome shell, allows quickly to change the various settings of the desktop recording.\n\nSOURCE CODE ->  http://github.com/iacopodeenosee/EasyScreenCast\n\nVIDEO ->  https://youtu.be/81E9AruraKU\n\n**NOTICE**\nif an error occurs during the update is recommended to reload GNOME Shell (Alt + F2, 'r') and reload the extension's installation page.", 
  "name": "EasyScreenCast", 
  "shell-version": [
    "3.16", 
    "3.18", 
    "3.20", 
    "3.22", 
    "3.24", 
    "3.26", 
    "3.28", 
    "3.30"
  ], 
  "url": "https://github.com/EasyScreenCast/EasyScreenCast", 
  "uuid": "EasyScreenCast@iacopodeenosee.gmail.com", 
  "version": 38
}