{
  "_generated": "Generated by SweetTooth, do not edit", 
  "description": "Enable the picture-in-picture mode on your GNOME desktop.\n\nIt might suit if you:\n\n1) can't help watching the next episode on Netflix\n2) want to keep an eye on some ongoing terminal left somewhere\n3) just enjoy relaxing and playing some YouTube or Vimeo videos\n\nand you are focused on some other stuff in the meantime. \n\n- Long story short:\nPiP for GNOME consists of a resizable and croppable window thumbnail on top of your desktop\n\n- How to fiddle it out:\nIt's a kind of intuitive tool, however a detailed guide is provided on the GitHub link down below.\n\nTrust the monkey. ", 
  "extension-id": "window-corner-preview", 
  "gettext-domain": "gnome-shell-extensions", 
  "name": "Window Corner Preview", 
  "settings-schema": "org.gnome.shell.extensions.window-corner-preview", 
  "shell-version": [
    "3.10", 
    "3.14", 
    "3.16", 
    "3.18", 
    "3.20", 
    "3.22", 
    "3.24"
  ], 
  "url": "https://github.com/medenagan/window-corner-preview", 
  "uuid": "window-corner-preview@fabiomereu.it", 
  "version": 2
}