{
  "_generated": "Generated by SweetTooth, do not edit", 
  "description": "A panel showing whether your favorite Twitch.tv streamers are streaming.\n\nCycles through the online streamers if multiples are configured. Click on the panel and then on streamer's name to launch the stream with a custom command (your browser or some other application).\n\nNeeds curl and mogrify to fully support streamer logos.", 
  "gettext-domain": "twitchlive", 
  "name": "TwitchLive Panel", 
  "settings-schema": "org.gnome.shell.extensions.twitchlive", 
  "shell-version": [
    "3.14", 
    "3.16", 
    "3.18", 
    "3.20", 
    "3.22", 
    "3.24"
  ], 
  "url": "https://github.com/maweki/twitchlive-extension", 
  "uuid": "TwitchLive_Panel@extensions.maweki.de", 
  "version": 14
}